path,tardy,makespan
C:/Users/user/gurobi/CA2/500tests/test0.csv,631,471.5515752
C:/Users/user/gurobi/CA2/500tests/test1.csv,830,430.4554427
C:/Users/user/gurobi/CA2/500tests/test2.csv,749,413.2883125
C:/Users/user/gurobi/CA2/500tests/test3.csv,853,463.4001347
C:/Users/user/gurobi/CA2/500tests/test4.csv,610,736.8734104
C:/Users/user/gurobi/CA2/500tests/test5.csv,914,959.992933
C:/Users/user/gurobi/CA2/500tests/test6.csv,740,607.0076456
C:/Users/user/gurobi/CA2/500tests/test7.csv,612,594.1370929
C:/Users/user/gurobi/CA2/500tests/test8.csv,802,1119.281367
C:/Users/user/gurobi/CA2/500tests/test9.csv,492,320.0648321
C:/Users/user/gurobi/CA2/500tests/test10.csv,553,754.0950521
C:/Users/user/gurobi/CA2/500tests/test11.csv,934,2157.457994
C:/Users/user/gurobi/CA2/500tests/test13.csv,867,1372.215281
C:/Users/user/gurobi/CA2/500tests/test14.csv,831,424.5872804
C:/Users/user/gurobi/CA2/500tests/test15.csv,618,476.2026371
C:/Users/user/gurobi/CA2/500tests/test16.csv,961,842.9159751
C:/Users/user/gurobi/CA2/500tests/test17.csv,982,525.8543519
C:/Users/user/gurobi/CA2/500tests/test18.csv,669,791.8707441
C:/Users/user/gurobi/CA2/500tests/test19.csv,714,462.6113214
C:/Users/user/gurobi/CA2/500tests/test20.csv,693,614.3488197
C:/Users/user/gurobi/CA2/500tests/test21.csv,821,870.0559343
C:/Users/user/gurobi/CA2/500tests/test22.csv,543,351.8261733
C:/Users/user/gurobi/CA2/500tests/test23.csv,723,660.5303532
C:/Users/user/gurobi/CA2/500tests/test24.csv,533,294.076785
C:/Users/user/gurobi/CA2/500tests/test25.csv,913,507.7005665
C:/Users/user/gurobi/CA2/500tests/test26.csv,829,682.9994472
C:/Users/user/gurobi/CA2/500tests/test27.csv,575,477.7410966
C:/Users/user/gurobi/CA2/500tests/test28.csv,757,734.2493223
C:/Users/user/gurobi/CA2/500tests/test29.csv,633,2884.95372
C:/Users/user/gurobi/CA2/500tests/test31.csv,883,569.5069135
C:/Users/user/gurobi/CA2/500tests/test32.csv,748,893.0188116
C:/Users/user/gurobi/CA2/500tests/test33.csv,960,580.0439628
C:/Users/user/gurobi/CA2/500tests/test34.csv,967,796.5401279
C:/Users/user/gurobi/CA2/500tests/test35.csv,870,529.521028
C:/Users/user/gurobi/CA2/500tests/test36.csv,512,502.531403
C:/Users/user/gurobi/CA2/500tests/test37.csv,813,3873.021038
C:/Users/user/gurobi/CA2/500tests/test38.csv,844,488.041395
C:/Users/user/gurobi/CA2/500tests/test39.csv,564,2587.364781
C:/Users/user/gurobi/CA2/500tests/test40.csv,726,3306.392579
C:/Users/user/gurobi/CA2/500tests/test41.csv,736,375.150596
C:/Users/user/gurobi/CA2/500tests/test42.csv,782,1230.725601
C:/Users/user/gurobi/CA2/500tests/test43.csv,763,476.6586036
C:/Users/user/gurobi/CA2/500tests/test44.csv,784,666.7065567
C:/Users/user/gurobi/CA2/500tests/test45.csv,537,407.5812412
C:/Users/user/gurobi/CA2/500tests/test46.csv,891,1407.140986
C:/Users/user/gurobi/CA2/500tests/test47.csv,629,563.2589158
C:/Users/user/gurobi/CA2/500tests/test48.csv,538,445.1024762
C:/Users/user/gurobi/CA2/500tests/test49.csv,821,2579.747259
C:/Users/user/gurobi/CA2/500tests/test50.csv,830,2008.563177
C:/Users/user/gurobi/CA2/500tests/test51.csv,740,438.632189
C:/Users/user/gurobi/CA2/500tests/test52.csv,786,505.7893121
C:/Users/user/gurobi/CA2/500tests/test53.csv,726,371.8361622
C:/Users/user/gurobi/CA2/500tests/test54.csv,865,1576.229937
C:/Users/user/gurobi/CA2/500tests/test55.csv,689,419.795025
C:/Users/user/gurobi/CA2/500tests/test56.csv,914,2124.786317
C:/Users/user/gurobi/CA2/500tests/test57.csv,634,2004.67522
C:/Users/user/gurobi/CA2/500tests/test58.csv,671,408.0630361
C:/Users/user/gurobi/CA2/500tests/test59.csv,538,868.0653406
C:/Users/user/gurobi/CA2/500tests/test60.csv,710,3309.610848
C:/Users/user/gurobi/CA2/500tests/test61.csv,637,592.5344473
C:/Users/user/gurobi/CA2/500tests/test62.csv,964,909.134995
C:/Users/user/gurobi/CA2/500tests/test63.csv,619,356.7370524
C:/Users/user/gurobi/CA2/500tests/test64.csv,954,1023.891544
C:/Users/user/gurobi/CA2/500tests/test65.csv,834,669.9672585
C:/Users/user/gurobi/CA2/500tests/test66.csv,537,294.0882701
C:/Users/user/gurobi/CA2/500tests/test67.csv,643,488.2446904
C:/Users/user/gurobi/CA2/500tests/test68.csv,721,593.1482187
C:/Users/user/gurobi/CA2/500tests/test69.csv,761,1017.572658
C:/Users/user/gurobi/CA2/500tests/test70.csv,606,1823.335214
C:/Users/user/gurobi/CA2/500tests/test71.csv,823,538.6250259
C:/Users/user/gurobi/CA2/500tests/test72.csv,524,399.0207939
C:/Users/user/gurobi/CA2/500tests/test73.csv,623,546.6449276
C:/Users/user/gurobi/CA2/500tests/test74.csv,600,648.2942086
C:/Users/user/gurobi/CA2/500tests/test75.csv,769,910.8943895
C:/Users/user/gurobi/CA2/500tests/test76.csv,637,892.5002299
C:/Users/user/gurobi/CA2/500tests/test77.csv,675,455.4653175
C:/Users/user/gurobi/CA2/500tests/test78.csv,864,629.030785
C:/Users/user/gurobi/CA2/500tests/test79.csv,877,635.3475618
C:/Users/user/gurobi/CA2/500tests/test80.csv,857,831.0498258
C:/Users/user/gurobi/CA2/500tests/test81.csv,962,553.7846721
C:/Users/user/gurobi/CA2/500tests/test82.csv,740,485.8115941
C:/Users/user/gurobi/CA2/500tests/test83.csv,778,1241.271778
C:/Users/user/gurobi/CA2/500tests/test84.csv,697,424.4745846
C:/Users/user/gurobi/CA2/500tests/test85.csv,965,1017.422153
C:/Users/user/gurobi/CA2/500tests/test86.csv,625,997.5277909
C:/Users/user/gurobi/CA2/500tests/test87.csv,496,378.4428728
C:/Users/user/gurobi/CA2/500tests/test89.csv,496,402.1213902
C:/Users/user/gurobi/CA2/500tests/test90.csv,832,792.8926814
C:/Users/user/gurobi/CA2/500tests/test91.csv,918,885.2719587
C:/Users/user/gurobi/CA2/500tests/test92.csv,941,4260.293578
C:/Users/user/gurobi/CA2/500tests/test93.csv,840,515.8441518
C:/Users/user/gurobi/CA2/500tests/test94.csv,907,1395.541073
C:/Users/user/gurobi/CA2/500tests/test96.csv,974,3011.64911
C:/Users/user/gurobi/CA2/500tests/test97.csv,790,787.2288205
C:/Users/user/gurobi/CA2/500tests/test98.csv,580,691.2315897
C:/Users/user/gurobi/CA2/500tests/test99.csv,671,742.3377193
C:/Users/user/gurobi/CA2/500tests/test100.csv,678,806.5092841
C:/Users/user/gurobi/CA2/500tests/test101.csv,864,932.035749
C:/Users/user/gurobi/CA2/500tests/test102.csv,549,2437.764905
C:/Users/user/gurobi/CA2/500tests/test103.csv,636,376.9994992
C:/Users/user/gurobi/CA2/500tests/test104.csv,671,1268.806137
C:/Users/user/gurobi/CA2/500tests/test105.csv,574,379.8510523
C:/Users/user/gurobi/CA2/500tests/test106.csv,832,469.6875349
C:/Users/user/gurobi/CA2/500tests/test107.csv,870,2073.161294
C:/Users/user/gurobi/CA2/500tests/test108.csv,943,835.948536
C:/Users/user/gurobi/CA2/500tests/test110.csv,910,2083.224435
C:/Users/user/gurobi/CA2/500tests/test112.csv,526,457.6441573
C:/Users/user/gurobi/CA2/500tests/test113.csv,748,1409.974456
C:/Users/user/gurobi/CA2/500tests/test114.csv,587,382.0485293
C:/Users/user/gurobi/CA2/500tests/test115.csv,950,1784.351979
C:/Users/user/gurobi/CA2/500tests/test116.csv,887,481.3329637
C:/Users/user/gurobi/CA2/500tests/test117.csv,895,583.2656074
C:/Users/user/gurobi/CA2/500tests/test118.csv,811,647.8813093
C:/Users/user/gurobi/CA2/500tests/test119.csv,679,663.0597369
C:/Users/user/gurobi/CA2/500tests/test120.csv,907,2208.79626
C:/Users/user/gurobi/CA2/500tests/test121.csv,671,579.5937757
C:/Users/user/gurobi/CA2/500tests/test122.csv,720,378.4342625
C:/Users/user/gurobi/CA2/500tests/test123.csv,932,2111.47195
C:/Users/user/gurobi/CA2/500tests/test124.csv,592,355.7371682
C:/Users/user/gurobi/CA2/500tests/test125.csv,862,1374.481949
C:/Users/user/gurobi/CA2/500tests/test126.csv,506,815.6326429
C:/Users/user/gurobi/CA2/500tests/test127.csv,646,580.8787228
C:/Users/user/gurobi/CA2/500tests/test129.csv,876,1382.26195
C:/Users/user/gurobi/CA2/500tests/test130.csv,822,573.6400748
C:/Users/user/gurobi/CA2/500tests/test131.csv,993,1939.022308
C:/Users/user/gurobi/CA2/500tests/test132.csv,797,768.3499306
C:/Users/user/gurobi/CA2/500tests/test133.csv,636,598.5675588
C:/Users/user/gurobi/CA2/500tests/test134.csv,667,498.0620989
C:/Users/user/gurobi/CA2/500tests/test135.csv,731,755.5440465
C:/Users/user/gurobi/CA2/500tests/test136.csv,760,502.6602232
C:/Users/user/gurobi/CA2/500tests/test137.csv,951,1490.577871
C:/Users/user/gurobi/CA2/500tests/test138.csv,733,1735.437627
C:/Users/user/gurobi/CA2/500tests/test139.csv,675,1085.901746
C:/Users/user/gurobi/CA2/500tests/test141.csv,688,3292.776924
C:/Users/user/gurobi/CA2/500tests/test142.csv,671,361.8885984
C:/Users/user/gurobi/CA2/500tests/test143.csv,685,1620.657188
C:/Users/user/gurobi/CA2/500tests/test145.csv,845,502.9548943
C:/Users/user/gurobi/CA2/500tests/test146.csv,610,394.5728386
C:/Users/user/gurobi/CA2/500tests/test147.csv,751,730.4038771
C:/Users/user/gurobi/CA2/500tests/test148.csv,970,1016.190637
C:/Users/user/gurobi/CA2/500tests/test149.csv,838,600.4327728
C:/Users/user/gurobi/CA2/500tests/test150.csv,886,2043.483256
C:/Users/user/gurobi/CA2/500tests/test151.csv,514,715.6788532
C:/Users/user/gurobi/CA2/500tests/test152.csv,961,503.7044894
C:/Users/user/gurobi/CA2/500tests/test153.csv,882,1228.390341
C:/Users/user/gurobi/CA2/500tests/test154.csv,535,309.5846147
C:/Users/user/gurobi/CA2/500tests/test155.csv,632,2878.617017
C:/Users/user/gurobi/CA2/500tests/test157.csv,894,626.4564005
C:/Users/user/gurobi/CA2/500tests/test159.csv,680,2156.757189
C:/Users/user/gurobi/CA2/500tests/test160.csv,683,474.790204
C:/Users/user/gurobi/CA2/500tests/test161.csv,556,2570.257008
C:/Users/user/gurobi/CA2/500tests/test162.csv,520,1547.642028
C:/Users/user/gurobi/CA2/500tests/test163.csv,774,568.7969146
C:/Users/user/gurobi/CA2/500tests/test164.csv,759,565.5143625
C:/Users/user/gurobi/CA2/500tests/test165.csv,739,417.7503829
C:/Users/user/gurobi/CA2/500tests/test166.csv,768,835.8708347
C:/Users/user/gurobi/CA2/500tests/test167.csv,713,970.5984454
C:/Users/user/gurobi/CA2/500tests/test168.csv,801,1285.580133
C:/Users/user/gurobi/CA2/500tests/test169.csv,588,715.4359463
C:/Users/user/gurobi/CA2/500tests/test170.csv,544,517.4071425
C:/Users/user/gurobi/CA2/500tests/test171.csv,504,2335.343043
C:/Users/user/gurobi/CA2/500tests/test172.csv,688,589.1325622
C:/Users/user/gurobi/CA2/500tests/test173.csv,640,390.0610146
C:/Users/user/gurobi/CA2/500tests/test174.csv,633,598.2208535
C:/Users/user/gurobi/CA2/500tests/test175.csv,739,1373.813711
C:/Users/user/gurobi/CA2/500tests/test176.csv,813,1325.708752
C:/Users/user/gurobi/CA2/500tests/test177.csv,570,362.9258497
C:/Users/user/gurobi/CA2/500tests/test178.csv,989,1572.401768
C:/Users/user/gurobi/CA2/500tests/test179.csv,637,357.6933944
C:/Users/user/gurobi/CA2/500tests/test180.csv,705,403.7258085
C:/Users/user/gurobi/CA2/500tests/test181.csv,622,1465.086444
C:/Users/user/gurobi/CA2/500tests/test182.csv,837,814.8175759
C:/Users/user/gurobi/CA2/500tests/test183.csv,967,777.4739941
C:/Users/user/gurobi/CA2/500tests/test184.csv,561,440.6849431
C:/Users/user/gurobi/CA2/500tests/test185.csv,865,2676.824201
C:/Users/user/gurobi/CA2/500tests/test186.csv,787,473.1360967
C:/Users/user/gurobi/CA2/500tests/test187.csv,499,370.2666707
C:/Users/user/gurobi/CA2/500tests/test188.csv,681,1109.423174
C:/Users/user/gurobi/CA2/500tests/test189.csv,968,2241.532257
C:/Users/user/gurobi/CA2/500tests/test190.csv,632,406.6667414
C:/Users/user/gurobi/CA2/500tests/test191.csv,948,902.4572673
C:/Users/user/gurobi/CA2/500tests/test192.csv,562,344.0940153
C:/Users/user/gurobi/CA2/500tests/test193.csv,635,327.6981134
C:/Users/user/gurobi/CA2/500tests/test194.csv,876,1190.74441
C:/Users/user/gurobi/CA2/500tests/test195.csv,697,478.9543328
C:/Users/user/gurobi/CA2/500tests/test196.csv,794,677.8210038
C:/Users/user/gurobi/CA2/500tests/test197.csv,751,613.2959344
C:/Users/user/gurobi/CA2/500tests/test198.csv,971,839.5767241
C:/Users/user/gurobi/CA2/500tests/test199.csv,743,487.1094676
C:/Users/user/gurobi/CA2/500tests/test200.csv,962,1138.194483
C:/Users/user/gurobi/CA2/500tests/test201.csv,801,594.5280386
C:/Users/user/gurobi/CA2/500tests/test202.csv,934,885.7734956
C:/Users/user/gurobi/CA2/500tests/test203.csv,772,1806.92322
C:/Users/user/gurobi/CA2/500tests/test204.csv,718,861.4214596
C:/Users/user/gurobi/CA2/500tests/test205.csv,735,1047.534078
C:/Users/user/gurobi/CA2/500tests/test207.csv,780,479.4749737
C:/Users/user/gurobi/CA2/500tests/test208.csv,786,1044.214799
C:/Users/user/gurobi/CA2/500tests/test209.csv,636,1461.21196
C:/Users/user/gurobi/CA2/500tests/test210.csv,931,598.0683081
C:/Users/user/gurobi/CA2/500tests/test211.csv,638,483.2303137
C:/Users/user/gurobi/CA2/500tests/test212.csv,749,775.7917013
C:/Users/user/gurobi/CA2/500tests/test213.csv,744,455.1494939
C:/Users/user/gurobi/CA2/500tests/test214.csv,597,1161.101877
C:/Users/user/gurobi/CA2/500tests/test215.csv,906,616.4335344
C:/Users/user/gurobi/CA2/500tests/test216.csv,529,847.3942044
C:/Users/user/gurobi/CA2/500tests/test217.csv,943,516.84647
C:/Users/user/gurobi/CA2/500tests/test218.csv,723,469.875724
C:/Users/user/gurobi/CA2/500tests/test219.csv,650,417.4434157
C:/Users/user/gurobi/CA2/500tests/test220.csv,671,409.0768278
C:/Users/user/gurobi/CA2/500tests/test221.csv,956,580.6426047
C:/Users/user/gurobi/CA2/500tests/test222.csv,568,549.1269581
C:/Users/user/gurobi/CA2/500tests/test223.csv,676,1084.829427
C:/Users/user/gurobi/CA2/500tests/test224.csv,599,532.9578243
C:/Users/user/gurobi/CA2/500tests/test225.csv,841,1584.869768
C:/Users/user/gurobi/CA2/500tests/test226.csv,871,595.2978387
C:/Users/user/gurobi/CA2/500tests/test227.csv,937,816.7649614
C:/Users/user/gurobi/CA2/500tests/test228.csv,612,347.7328568
C:/Users/user/gurobi/CA2/500tests/test229.csv,616,387.6800699
C:/Users/user/gurobi/CA2/500tests/test230.csv,640,491.6909282
C:/Users/user/gurobi/CA2/500tests/test231.csv,692,425.0395891
C:/Users/user/gurobi/CA2/500tests/test232.csv,850,925.1740758
C:/Users/user/gurobi/CA2/500tests/test233.csv,922,982.9710343
C:/Users/user/gurobi/CA2/500tests/test234.csv,669,906.6569982
C:/Users/user/gurobi/CA2/500tests/test235.csv,917,722.7128263
C:/Users/user/gurobi/CA2/500tests/test236.csv,499,321.054807
C:/Users/user/gurobi/CA2/500tests/test237.csv,660,3043.179857
C:/Users/user/gurobi/CA2/500tests/test238.csv,513,1599.857255
C:/Users/user/gurobi/CA2/500tests/test239.csv,555,682.7673068
C:/Users/user/gurobi/CA2/500tests/test240.csv,616,426.615893
C:/Users/user/gurobi/CA2/500tests/test241.csv,529,1662.365271
C:/Users/user/gurobi/CA2/500tests/test242.csv,780,1807.890756
C:/Users/user/gurobi/CA2/500tests/test243.csv,911,674.7556471
C:/Users/user/gurobi/CA2/500tests/test244.csv,814,1304.530357
C:/Users/user/gurobi/CA2/500tests/test245.csv,842,890.7102422
C:/Users/user/gurobi/CA2/500tests/test246.csv,723,1716.889443
C:/Users/user/gurobi/CA2/500tests/test247.csv,704,500.4966902
C:/Users/user/gurobi/CA2/500tests/test248.csv,552,414.9587427
C:/Users/user/gurobi/CA2/500tests/test249.csv,671,396.4867129
C:/Users/user/gurobi/CA2/500tests/test250.csv,789,3616.985591
C:/Users/user/gurobi/CA2/500tests/test251.csv,707,756.390875
C:/Users/user/gurobi/CA2/500tests/test252.csv,871,1030.885978
C:/Users/user/gurobi/CA2/500tests/test253.csv,944,629.9446978
C:/Users/user/gurobi/CA2/500tests/test254.csv,991,871.4637117
C:/Users/user/gurobi/CA2/500tests/test255.csv,585,1402.462536
C:/Users/user/gurobi/CA2/500tests/test256.csv,495,376.571964
C:/Users/user/gurobi/CA2/500tests/test257.csv,561,771.2422196
C:/Users/user/gurobi/CA2/500tests/test258.csv,691,613.5174178
C:/Users/user/gurobi/CA2/500tests/test259.csv,572,2698.766366
C:/Users/user/gurobi/CA2/500tests/test260.csv,825,633.3452949
C:/Users/user/gurobi/CA2/500tests/test261.csv,704,387.627635
C:/Users/user/gurobi/CA2/500tests/test262.csv,584,343.7952986
C:/Users/user/gurobi/CA2/500tests/test263.csv,693,347.7272125
C:/Users/user/gurobi/CA2/500tests/test264.csv,850,3899.029549
C:/Users/user/gurobi/CA2/500tests/test265.csv,716,656.7159904
C:/Users/user/gurobi/CA2/500tests/test267.csv,515,1614.917784
C:/Users/user/gurobi/CA2/500tests/test268.csv,956,490.7376413
C:/Users/user/gurobi/CA2/500tests/test269.csv,520,553.9689606
C:/Users/user/gurobi/CA2/500tests/test270.csv,862,1021.448163
C:/Users/user/gurobi/CA2/500tests/test271.csv,962,830.5633344
C:/Users/user/gurobi/CA2/500tests/test272.csv,713,1654.333139
C:/Users/user/gurobi/CA2/500tests/test273.csv,847,597.6392994
C:/Users/user/gurobi/CA2/500tests/test274.csv,655,1182.921132
C:/Users/user/gurobi/CA2/500tests/test276.csv,546,1294.073546
C:/Users/user/gurobi/CA2/500tests/test277.csv,968,2229.100095
C:/Users/user/gurobi/CA2/500tests/test278.csv,547,866.2123257
C:/Users/user/gurobi/CA2/500tests/test279.csv,919,811.3188428
C:/Users/user/gurobi/CA2/500tests/test281.csv,675,1276.314818
C:/Users/user/gurobi/CA2/500tests/test282.csv,673,375.546742
C:/Users/user/gurobi/CA2/500tests/test283.csv,944,1249.167982
C:/Users/user/gurobi/CA2/500tests/test284.csv,826,1956.289356
C:/Users/user/gurobi/CA2/500tests/test285.csv,990,650.6755594
C:/Users/user/gurobi/CA2/500tests/test287.csv,809,421.1215273
C:/Users/user/gurobi/CA2/500tests/test288.csv,611,810.5710957
C:/Users/user/gurobi/CA2/500tests/test289.csv,828,624.6404723
C:/Users/user/gurobi/CA2/500tests/test290.csv,635,1928.75867
C:/Users/user/gurobi/CA2/500tests/test291.csv,737,806.0497108
C:/Users/user/gurobi/CA2/500tests/test293.csv,515,423.1662563
C:/Users/user/gurobi/CA2/500tests/test294.csv,592,579.6480032
C:/Users/user/gurobi/CA2/500tests/test295.csv,782,830.1982417
C:/Users/user/gurobi/CA2/500tests/test296.csv,776,1812.725655
C:/Users/user/gurobi/CA2/500tests/test297.csv,647,407.4434486
C:/Users/user/gurobi/CA2/500tests/test298.csv,950,1493.59113
C:/Users/user/gurobi/CA2/500tests/test299.csv,694,1320.741874
C:/Users/user/gurobi/CA2/500tests/test300.csv,987,696.2171231
C:/Users/user/gurobi/CA2/500tests/test301.csv,527,408.1170328
C:/Users/user/gurobi/CA2/500tests/test302.csv,515,424.5488325
C:/Users/user/gurobi/CA2/500tests/test303.csv,623,591.9893689
C:/Users/user/gurobi/CA2/500tests/test304.csv,805,527.5789843
C:/Users/user/gurobi/CA2/500tests/test305.csv,723,481.837973
C:/Users/user/gurobi/CA2/500tests/test306.csv,979,845.5425231
C:/Users/user/gurobi/CA2/500tests/test307.csv,982,779.4754971
C:/Users/user/gurobi/CA2/500tests/test308.csv,836,673.2215002
C:/Users/user/gurobi/CA2/500tests/test309.csv,702,852.723324
C:/Users/user/gurobi/CA2/500tests/test310.csv,511,328.1544673
C:/Users/user/gurobi/CA2/500tests/test311.csv,691,408.2293052
C:/Users/user/gurobi/CA2/500tests/test312.csv,904,569.0955211
C:/Users/user/gurobi/CA2/500tests/test313.csv,865,842.0696523
C:/Users/user/gurobi/CA2/500tests/test314.csv,535,512.7527454
C:/Users/user/gurobi/CA2/500tests/test315.csv,816,1120.741534
C:/Users/user/gurobi/CA2/500tests/test316.csv,651,382.6969382
C:/Users/user/gurobi/CA2/500tests/test318.csv,759,1045.798769
C:/Users/user/gurobi/CA2/500tests/test319.csv,887,523.7304533
C:/Users/user/gurobi/CA2/500tests/test320.csv,754,1063.227144
C:/Users/user/gurobi/CA2/500tests/test321.csv,583,377.958038
C:/Users/user/gurobi/CA2/500tests/test322.csv,852,894.8337117
C:/Users/user/gurobi/CA2/500tests/test323.csv,799,765.3207094
C:/Users/user/gurobi/CA2/500tests/test324.csv,610,660.6443696
C:/Users/user/gurobi/CA2/500tests/test325.csv,819,1102.651275
C:/Users/user/gurobi/CA2/500tests/test326.csv,765,1457.948697
C:/Users/user/gurobi/CA2/500tests/test327.csv,699,829.4800394
C:/Users/user/gurobi/CA2/500tests/test328.csv,582,1365.073511
C:/Users/user/gurobi/CA2/500tests/test329.csv,890,1227.501282
C:/Users/user/gurobi/CA2/500tests/test330.csv,854,1160.01762
C:/Users/user/gurobi/CA2/500tests/test331.csv,839,454.5746274
C:/Users/user/gurobi/CA2/500tests/test332.csv,759,386.921163
C:/Users/user/gurobi/CA2/500tests/test333.csv,503,335.0622732
C:/Users/user/gurobi/CA2/500tests/test334.csv,752,3451.049461
C:/Users/user/gurobi/CA2/500tests/test335.csv,503,419.7385509
C:/Users/user/gurobi/CA2/500tests/test336.csv,745,1792.22551
C:/Users/user/gurobi/CA2/500tests/test337.csv,676,1059.6136
C:/Users/user/gurobi/CA2/500tests/test338.csv,866,530.4438747
C:/Users/user/gurobi/CA2/500tests/test339.csv,876,4119.378181
C:/Users/user/gurobi/CA2/500tests/test340.csv,548,1325.033607
C:/Users/user/gurobi/CA2/500tests/test341.csv,634,515.9853525
C:/Users/user/gurobi/CA2/500tests/test342.csv,831,647.3433889
C:/Users/user/gurobi/CA2/500tests/test343.csv,508,632.5428605
C:/Users/user/gurobi/CA2/500tests/test344.csv,811,474.7297635
C:/Users/user/gurobi/CA2/500tests/test345.csv,700,390.2793149
C:/Users/user/gurobi/CA2/500tests/test346.csv,785,502.5679936
C:/Users/user/gurobi/CA2/500tests/test347.csv,571,1363.217804
C:/Users/user/gurobi/CA2/500tests/test348.csv,543,2477.368255
C:/Users/user/gurobi/CA2/500tests/test349.csv,680,482.0341312
C:/Users/user/gurobi/CA2/500tests/test350.csv,693,377.5352657
C:/Users/user/gurobi/CA2/500tests/test351.csv,509,543.0016516
C:/Users/user/gurobi/CA2/500tests/test352.csv,702,373.8358448
C:/Users/user/gurobi/CA2/500tests/test353.csv,648,445.1155711
C:/Users/user/gurobi/CA2/500tests/test354.csv,688,1292.540411
C:/Users/user/gurobi/CA2/500tests/test355.csv,944,505.3001567
C:/Users/user/gurobi/CA2/500tests/test356.csv,890,1231.101023
C:/Users/user/gurobi/CA2/500tests/test357.csv,746,1710.409246
C:/Users/user/gurobi/CA2/500tests/test358.csv,813,1938.510038
C:/Users/user/gurobi/CA2/500tests/test359.csv,982,785.642965
C:/Users/user/gurobi/CA2/500tests/test360.csv,731,692.6989434
C:/Users/user/gurobi/CA2/500tests/test361.csv,689,653.431604
C:/Users/user/gurobi/CA2/500tests/test362.csv,814,1117.976299
C:/Users/user/gurobi/CA2/500tests/test363.csv,660,586.4700101
C:/Users/user/gurobi/CA2/500tests/test365.csv,601,330.7405288
C:/Users/user/gurobi/CA2/500tests/test366.csv,515,1194.145666
C:/Users/user/gurobi/CA2/500tests/test367.csv,762,427.8788067
C:/Users/user/gurobi/CA2/500tests/test368.csv,893,639.6954777
C:/Users/user/gurobi/CA2/500tests/test369.csv,695,1604.559711
C:/Users/user/gurobi/CA2/500tests/test370.csv,788,781.6527197
C:/Users/user/gurobi/CA2/500tests/test371.csv,913,521.1016442
C:/Users/user/gurobi/CA2/500tests/test372.csv,855,465.3543387
C:/Users/user/gurobi/CA2/500tests/test373.csv,785,478.9483989
C:/Users/user/gurobi/CA2/500tests/test375.csv,578,669.4658032
C:/Users/user/gurobi/CA2/500tests/test376.csv,523,468.480676
C:/Users/user/gurobi/CA2/500tests/test377.csv,525,644.6913303
C:/Users/user/gurobi/CA2/500tests/test378.csv,734,2305.81647
C:/Users/user/gurobi/CA2/500tests/test380.csv,767,442.887769
C:/Users/user/gurobi/CA2/500tests/test381.csv,947,4363.257635
C:/Users/user/gurobi/CA2/500tests/test382.csv,863,498.8915012
C:/Users/user/gurobi/CA2/500tests/test383.csv,641,337.036303
C:/Users/user/gurobi/CA2/500tests/test384.csv,971,2257.924033
C:/Users/user/gurobi/CA2/500tests/test385.csv,507,627.5928082
C:/Users/user/gurobi/CA2/500tests/test386.csv,552,340.3534693
C:/Users/user/gurobi/CA2/500tests/test387.csv,557,886.8049592
C:/Users/user/gurobi/CA2/500tests/test388.csv,846,800.3241881
C:/Users/user/gurobi/CA2/500tests/test389.csv,539,355.9057508
C:/Users/user/gurobi/CA2/500tests/test390.csv,821,746.3189461
C:/Users/user/gurobi/CA2/500tests/test391.csv,558,1322.986533
C:/Users/user/gurobi/CA2/500tests/test392.csv,894,4075.506915
C:/Users/user/gurobi/CA2/500tests/test393.csv,519,575.0697938
C:/Users/user/gurobi/CA2/500tests/test394.csv,606,2869.631281
C:/Users/user/gurobi/CA2/500tests/test395.csv,506,365.556478
C:/Users/user/gurobi/CA2/500tests/test396.csv,540,965.8728689
C:/Users/user/gurobi/CA2/500tests/test397.csv,810,406.4255902
C:/Users/user/gurobi/CA2/500tests/test398.csv,709,467.7622682
C:/Users/user/gurobi/CA2/500tests/test399.csv,941,721.6780189
C:/Users/user/gurobi/CA2/500tests/test400.csv,561,379.844596
C:/Users/user/gurobi/CA2/500tests/test401.csv,544,328.9536832
C:/Users/user/gurobi/CA2/500tests/test402.csv,972,3052.78816
C:/Users/user/gurobi/CA2/500tests/test403.csv,649,684.2447825
C:/Users/user/gurobi/CA2/500tests/test404.csv,541,286.6277881
C:/Users/user/gurobi/CA2/500tests/test405.csv,725,1378.599147
C:/Users/user/gurobi/CA2/500tests/test406.csv,872,489.7278179
C:/Users/user/gurobi/CA2/500tests/test407.csv,758,459.9750275
C:/Users/user/gurobi/CA2/500tests/test409.csv,540,329.1756997
C:/Users/user/gurobi/CA2/500tests/test410.csv,918,1125.519768
C:/Users/user/gurobi/CA2/500tests/test412.csv,798,1547.075589
C:/Users/user/gurobi/CA2/500tests/test413.csv,543,658.410804
C:/Users/user/gurobi/CA2/500tests/test416.csv,683,2138.715565
C:/Users/user/gurobi/CA2/500tests/test417.csv,549,284.1512051
C:/Users/user/gurobi/CA2/500tests/test418.csv,918,558.7164472
C:/Users/user/gurobi/CA2/500tests/test419.csv,645,2033.660203
C:/Users/user/gurobi/CA2/500tests/test420.csv,946,1124.604398
C:/Users/user/gurobi/CA2/500tests/test421.csv,580,425.4455695
C:/Users/user/gurobi/CA2/500tests/test422.csv,606,2820.362257
C:/Users/user/gurobi/CA2/500tests/test423.csv,764,620.0885242
C:/Users/user/gurobi/CA2/500tests/test424.csv,797,402.6213475
C:/Users/user/gurobi/CA2/500tests/test425.csv,583,697.2563335
C:/Users/user/gurobi/CA2/500tests/test426.csv,942,473.7201155
C:/Users/user/gurobi/CA2/500tests/test427.csv,914,4167.357675
C:/Users/user/gurobi/CA2/500tests/test428.csv,655,2024.418741
C:/Users/user/gurobi/CA2/500tests/test429.csv,962,1522.843333
C:/Users/user/gurobi/CA2/500tests/test430.csv,591,440.4388197
C:/Users/user/gurobi/CA2/500tests/test431.csv,511,1592.328447
C:/Users/user/gurobi/CA2/500tests/test432.csv,742,582.9484567
C:/Users/user/gurobi/CA2/500tests/test433.csv,507,972.0343526
C:/Users/user/gurobi/CA2/500tests/test434.csv,881,547.9908242
C:/Users/user/gurobi/CA2/500tests/test435.csv,950,1125.015905
C:/Users/user/gurobi/CA2/500tests/test436.csv,747,620.028851
C:/Users/user/gurobi/CA2/500tests/test437.csv,670,480.4813901
C:/Users/user/gurobi/CA2/500tests/test438.csv,592,516.4110708
C:/Users/user/gurobi/CA2/500tests/test439.csv,766,475.9497202
C:/Users/user/gurobi/CA2/500tests/test440.csv,566,2599.67748
C:/Users/user/gurobi/CA2/500tests/test441.csv,524,290.9555619
C:/Users/user/gurobi/CA2/500tests/test442.csv,635,2945.781737
C:/Users/user/gurobi/CA2/500tests/test443.csv,889,608.8181931
C:/Users/user/gurobi/CA2/500tests/test444.csv,649,426.9493531
C:/Users/user/gurobi/CA2/500tests/test445.csv,838,686.0729153
C:/Users/user/gurobi/CA2/500tests/test446.csv,577,457.3122525
C:/Users/user/gurobi/CA2/500tests/test447.csv,633,361.6896201
C:/Users/user/gurobi/CA2/500tests/test448.csv,897,508.9715659
C:/Users/user/gurobi/CA2/500tests/test449.csv,572,396.8638853
C:/Users/user/gurobi/CA2/500tests/test450.csv,534,399.8117281
C:/Users/user/gurobi/CA2/500tests/test451.csv,518,468.8204775
C:/Users/user/gurobi/CA2/500tests/test452.csv,499,330.1886165
C:/Users/user/gurobi/CA2/500tests/test453.csv,975,4498.002874
C:/Users/user/gurobi/CA2/500tests/test454.csv,782,1058.951688
C:/Users/user/gurobi/CA2/500tests/test457.csv,996,4557.872292
C:/Users/user/gurobi/CA2/500tests/test458.csv,841,508.5349534
C:/Users/user/gurobi/CA2/500tests/test459.csv,958,2278.618417
C:/Users/user/gurobi/CA2/500tests/test460.csv,759,671.3013409
C:/Users/user/gurobi/CA2/500tests/test461.csv,763,383.5627783
C:/Users/user/gurobi/CA2/500tests/test462.csv,636,355.2131623
C:/Users/user/gurobi/CA2/500tests/test463.csv,526,366.0744727
C:/Users/user/gurobi/CA2/500tests/test464.csv,629,368.2192522
C:/Users/user/gurobi/CA2/500tests/test465.csv,828,1923.719859
C:/Users/user/gurobi/CA2/500tests/test466.csv,732,596.2641647
C:/Users/user/gurobi/CA2/500tests/test467.csv,675,742.8638176
C:/Users/user/gurobi/CA2/500tests/test468.csv,669,445.6762924
C:/Users/user/gurobi/CA2/500tests/test469.csv,910,489.7999286
C:/Users/user/gurobi/CA2/500tests/test470.csv,586,1831.587617
C:/Users/user/gurobi/CA2/500tests/test471.csv,771,744.1356305
C:/Users/user/gurobi/CA2/500tests/test473.csv,776,546.1971623
C:/Users/user/gurobi/CA2/500tests/test474.csv,519,709.8767872
C:/Users/user/gurobi/CA2/500tests/test475.csv,788,516.2801423
C:/Users/user/gurobi/CA2/500tests/test476.csv,556,540.0490673
C:/Users/user/gurobi/CA2/500tests/test477.csv,721,402.7021539
C:/Users/user/gurobi/CA2/500tests/test478.csv,735,3355.18145
C:/Users/user/gurobi/CA2/500tests/test479.csv,990,576.6493996
C:/Users/user/gurobi/CA2/500tests/test480.csv,712,1361.503175
C:/Users/user/gurobi/CA2/500tests/test481.csv,818,633.1833327
C:/Users/user/gurobi/CA2/500tests/test482.csv,519,821.5907728
C:/Users/user/gurobi/CA2/500tests/test483.csv,671,3089.177966
C:/Users/user/gurobi/CA2/500tests/test484.csv,844,1613.222593
C:/Users/user/gurobi/CA2/500tests/test485.csv,904,690.5126386
C:/Users/user/gurobi/CA2/500tests/test486.csv,920,791.9348054
C:/Users/user/gurobi/CA2/500tests/test487.csv,617,747.7943059
C:/Users/user/gurobi/CA2/500tests/test488.csv,499,998.0732806
C:/Users/user/gurobi/CA2/500tests/test489.csv,635,509.4718936
C:/Users/user/gurobi/CA2/500tests/test490.csv,625,2870.695128
C:/Users/user/gurobi/CA2/500tests/test491.csv,503,1200.338089
C:/Users/user/gurobi/CA2/500tests/test492.csv,862,520.4564479
C:/Users/user/gurobi/CA2/500tests/test493.csv,839,551.5400403
C:/Users/user/gurobi/CA2/500tests/test494.csv,901,486.1647607
C:/Users/user/gurobi/CA2/500tests/test495.csv,799,632.2699332
C:/Users/user/gurobi/CA2/500tests/test496.csv,968,533.1170293
C:/Users/user/gurobi/CA2/500tests/test497.csv,888,2133.554909
C:/Users/user/gurobi/CA2/500tests/test499.csv,931,2867.065726
,345924,465821.9791
